ID,title,release_year,genre,director,runtime_minutes,imdb_rating,rotten_tomatoes_score
The_Fall_of_the_House_of_Usher__1950_film_,The Fall of the House of Usher (1950 film),1950,Horror,Ivan Barnett,70,,
The_Amityville_Curse,The Amityville Curse,1990,Horror,Tom Berry,91,,
Kankal,Kankal,1950,Horror,,,,
Kim_Coates,Kim Coates,1990,Horror,,,,
List_of_horror_films_of_1968,List of horror films of 1968,1968,Horror,,,,
Jan_Rube%C5%A1,Jan Rubeš,1990,Horror,,,,
Any_Body...Any_Way,Any Body...Any Way,1968,Horror,Charles Romine,80,,
Cassandra_Gava,Cassandra Gava,1990,Horror,,,,
The_Astro-Zombies,The Astro-Zombies,1968,Horror,Ted V. Mikels,94,,
Arachnophobia_(film),Arachnophobia (film),1990,Horror,Frank Marshall,110,,
The_Blood_Beast_Terror,The Blood Beast Terror,1968,Horror,Vernon Sewell,88,,
Frank_Marshall_(filmmaker),Frank Marshall (filmmaker),1990,Horror,,,,
Blood_Rites__film_,Blood Rites (film),1968,Horror,Andy Milligan,72,,
Jeff_Daniels,Jeff Daniels,1990,Horror,,,,
The_Bride_From_Hades,The Bride From Hades,1968,Horror,Satsuo Yamamoto,89,,
Julian_Sands,Julian Sands,1990,Horror,,,,
Casting_the_Runes__Mystery_and_Imagination_,Casting the Runes (Mystery and Imagination),1968,Horror,,,,
Harley_Jane_Kozak,Harley Jane Kozak,1990,Horror,,,,
Corruption__1968_film_,Corruption (1968 film),1968,Horror,Robert Hartford-Davis,91,,
John_Goodman,John Goodman,1990,Horror,,,,
Curse_of_the_Crimson_Altar,Curse of the Crimson Altar,1968,Horror,Vernon Sewell,89,,
Baby_Blood,Baby Blood,1990,Horror,Alain Robak,84,,
Death_Laid_an_Egg,Death Laid an Egg,1968,Horror,Giulio Questi,110,,
Bandh_Darwaza,Bandh Darwaza,1990,Horror,Shyam Ramsay Tulsi Ramsay,145,,
The_Devil_Rides_Out__film_,The Devil Rides Out (film),1968,Horror,Terence Fisher,95,,
Shyam_Ramsay,Shyam Ramsay,1990,Horror,,,,
Dracula_Has_Risen_from_the_Grave,Dracula Has Risen from the Grave,1968,Horror,Freddie Francis,92,,
Kunika,Ajatashatru,1990,Horror,,,,
La_endemoniada,La endemoniada,1968,Horror,Emilio Gómez Muriel,83,,
Manjeet_Kullar,Manjeet Kullar,1990,Horror,,,,
Genocide__1968_film_,Genocide (1968 film),1968,Horror,Kazui Nihonmatsu,84,,
Basket_Case_2,Basket Case 2,1990,Horror,Frank Henenlotter,90,,
The_Ghosts_of_Hanley_House,The Ghosts of Hanley House,1968,Horror,Louise Sherrill,85,,
Frank_Henenlotter,Frank Henenlotter,1990,Horror,,,,
Goke__Body_Snatcher_from_Hell,"Goke, Body Snatcher from Hell",1968,Horror,Hajime Sato [ ja ] [ 1 ],84,,
Annie_Ross,Annie Ross,1990,Horror,,,,
The_Hand_of_Night,The Hand of Night,1968,Horror,Frederic Goode,90,,
Beyond_Darkness,Beyond Darkness,1990,Horror,Claudio Fragasso,,,
Hasta_el_viento_tiene_miedo,Hasta el viento tiene miedo,1968,Horror,Carlos Enrique Taboada,90,,
Claudio_Fragasso,Claudio Fragasso,1990,Horror,,,,
Hour_of_the_Wolf,Hour of the Wolf,1968,Horror,Ingmar Bergman,88,,
David_Brandon_(actor),David Brandon (actor),1990,Horror,,,,
Journey_into_Darkness__film_,Journey into Darkness (film),1968,Horror,Peter Sasdy James Hill,107,,
Blood_Games_(film),Blood Games (film),1990,Horror,Tanya Rosenberg,90,,
Kuroneko,Kuroneko,1968,Horror,Kaneto Shindō,99,,
Bloodmoon_(1990_film),Bloodmoon (1990 film),1990,Horror,Alec Mills,100,,
The_Living_Skeleton,The Living Skeleton,1968,Horror,Hiroshi Matsuno,80,,
Leon_Lissek,Leon Lissek,1990,Horror,,,,
The_Mark_of_the_Wolfman,The Mark of the Wolfman,1968,Horror,Enrique López Eguiluz,88,,
Christine_Amor,Christine Amor,1990,Horror,,,,
Night_of_the_Living_Dead,Night of the Living Dead,1968,Horror,George A. Romero,96,,
John_Saxon,John Saxon,1990,Horror,,,,
Rosemary_27s_Baby__film_,Rosemary's Baby (film),1968,Horror,Roman Polanski,137,,
Ray_Walston,Ray Walston,1990,Horror,,,,
The_Snake_Girl_and_the_Silver-Haired_Witch,The Snake Girl and the Silver-Haired Witch,1968,Horror,Noriaki Yuasa,82,,
Brain_Dead_(1990_film),Brain Dead (1990 film),1990,Horror,Adam Simon,85,,
The_Snow_Woman,The Snow Woman,1968,Horror,Tokuzō Tanaka,80,,
Adam_Simon,Adam Simon,1990,Horror,,,,
Spirits_of_the_Dead,Spirits of the Dead,1968,Horror,Roger Vadim Louis Malle Federico Fellini,121,,
Bill_Pullman,Bill Pullman,1990,Horror,,,,
The_Strange_Case_of_Dr._Jekyll_and_Mr._Hyde__1968_film_,The Strange Case of Dr. Jekyll and Mr. Hyde (1968 film),1968,Horror,Charles Jarrott,120,,
Bill_Paxton,Bill Paxton,1990,Horror,,,,
The_Strange_World_of_Coffin_Joe,The Strange World of Coffin Joe,1968,Horror,Jose Mojica Marins,80,,
George_Kennedy,George Kennedy,1990,Horror,,,,
Succubus__film_,Succubus (film),1968,Horror,Jesús Franco,82,,
Bride_of_Re-Animator,Bride of Re-Animator,1990,Horror,Brian Yuzna,96,,
Trilogy_of_Terror__1968_film_,Trilogy of Terror (1968 film),1968,Horror,José Mojica Marins Luís Sérgio Person Ozualdo Candeias,115,,
Brian_Yuzna,Brian Yuzna,1990,Horror,,,,
Twisted_Nerve,Twisted Nerve,1968,Horror,Roy Boulting,118,,
Jeffrey_Combs,Jeffrey Combs,1990,Horror,,,,
Le_viol_du_vampire,Le viol du vampire,1968,Horror,Jean Rollin,95,,
Bruce_Abbott,Bruce Abbott,1990,Horror,,,,
Witchfinder_General__film_,Witchfinder General (film),1968,Horror,Michael Reeves,86,,
H._P._Lovecraft,H. P. Lovecraft,1990,Horror,,,,
Yokai_Monsters,Yokai Monsters,1968,Horror,,,,
Buried_Alive_(1990_TV_film),Buried Alive (1990 TV film),1990,Horror,Frank Darabont,93,,
Frank_Darabont,Frank Darabont,1990,Horror,,,,
Jennifer_Jason_Leigh,Jennifer Jason Leigh,1990,Horror,,,,
Buried_Alive_(1990_theatrical_film),Buried Alive (1990 theatrical film),1990,Horror,Gérard Kikoïne,87,,
Donald_Pleasence,Donald Pleasence,1990,Horror,,,,
Karen_Witter,Karen Witter,1990,Horror,,,,
John_Carradine,John Carradine,1990,Horror,,,,
Harry_Alan_Towers,Harry Alan Towers,1990,Horror,,,,
Edgar_Allan_Poe,Edgar Allan Poe,1990,Horror,,,,
Cat_in_the_Brain,Cat in the Brain,1990,Horror,Lucio Fulci,89,,
Lucio_Fulci,Lucio Fulci,1990,Horror,,,,
Brett_Halsey,Brett Halsey,1990,Horror,,,,
Child%27s_Play_2,Child's Play 2,1990,Horror,John Lafia,84,,
Alex_Vincent_(actor),Alex Vincent (actor),1990,Horror,,,,
Jenny_Agutter,Jenny Agutter,1990,Horror,,,,
Gerrit_Graham,Gerrit Graham,1990,Horror,,,,
Cthulhu_Mansion,Cthulhu Mansion,1990,Horror,Juan Piquer Simón [ 1 ],92,,
Juan_Piquer_Sim%C3%B3n,Juan Piquer Simón,1990,Horror,,,,
Frank_Finlay,Frank Finlay,1990,Horror,,,,
Melanie_Shatner,Melanie Shatner,1990,Horror,,,,
The_Dark_Side_of_the_Moon_(1990_film),The Dark Side of the Moon (1990 film),1990,Horror,D.J. Webster,,,
Joe_Turkel,Joe Turkel,1990,Horror,,,,
Daughter_of_Darkness_(1990_film),Daughter of Darkness (1990 film),1990,Horror,Stuart Gordon [ 2 ],120,,
Stuart_Gordon,Stuart Gordon,1990,Horror,,,,
Mia_Sara,Mia Sara,1990,Horror,,,,
Jack_Coleman_(actor),Jack Coleman (actor),1990,Horror,,,,
Anthony_Perkins,Anthony Perkins,1990,Horror,,,,
Dead_Girls_(film),Dead Girls (film),1990,Horror,Dennis Devine,105,,
Deadly_Manor,Deadly Manor,1990,Horror,José Ramón Larraz,86,,
Jos%C3%A9_Ram%C3%B3n_Larraz,José Ramón Larraz,1990,Horror,,,,
Def_by_Temptation,Def by Temptation,1990,Horror,James Bond III,94,,
Kadeem_Hardison,Kadeem Hardison,1990,Horror,,,,
Samuel_L._Jackson,Samuel L. Jackson,1990,Horror,,,,
Bill_Nunn,Bill Nunn,1990,Horror,,,,
Demonia_(film),Demonia (film),1990,Horror,Lucio Fulci,,,
The_Exorcist_III,The Exorcist III,1990,Horror,William Peter Blatty,110,,
William_Peter_Blatty,William Peter Blatty,1990,Horror,,,,
George_C._Scott,George C. Scott,1990,Horror,,,,
Ed_Flanders,Ed Flanders,1990,Horror,,,,
Brad_Dourif,Brad Dourif,1990,Horror,,,,
Fear_(1990_film),Fear (1990 film),1990,Horror,Rockne S. O'Bannon,90,,
Rockne_S._O%27Bannon,Rockne S. O'Bannon,1990,Horror,,,,
Ally_Sheedy,Ally Sheedy,1990,Horror,,,,
Lauren_Hutton,Lauren Hutton,1990,Horror,,,,
The_First_Power,The First Power,1990,Horror,Robert Resnikoff,98,,
Lou_Diamond_Phillips,Lou Diamond Phillips,1990,Horror,,,,
Tracy_Griffith,Tracy Griffith,1990,Horror,,,,
Jeff_Kober,Jeff Kober,1990,Horror,,,,
Flatliners,Flatliners,1990,Horror,Joel Schumacher,114,,
Joel_Schumacher,Joel Schumacher,1990,Horror,,,,
Kiefer_Sutherland,Kiefer Sutherland,1990,Horror,,,,
Julia_Roberts,Julia Roberts,1990,Horror,,,,
Kevin_Bacon,Kevin Bacon,1990,Horror,,,,
Frankenhooker,Frankenhooker,1990,Horror,Frank Henenlotter,84,,
Charlotte_Kemp_(model),List of Playboy Playmates of 1982,1990,Horror,,,,
Frankenstein_Unbound,Frankenstein Unbound,1990,Horror,Roger Corman,85,,
Roger_Corman,Roger Corman,1990,Horror,,,,
John_Hurt,John Hurt,1990,Horror,,,,
Raul_Julia,Raul Julia,1990,Horror,,,,
Nick_Brimble,Nick Brimble,1990,Horror,,,,
Ghost_(1990_film),Ghost (1990 film),1990,Horror,Jerry Zucker,127,,
Jerry_Zucker,Jerry Zucker,1990,Horror,,,,
Patrick_Swayze,Patrick Swayze,1990,Horror,,,,
Demi_Moore,Demi Moore,1990,Horror,,,,
Whoopi_Goldberg,Whoopi Goldberg,1990,Horror,,,,
Jackie_Martling,Jackie Martling,1990,Horror,,,,
Richard_Bright_(actor),Richard Bright (actor),1990,Horror,,,,
Graveyard_Shift_(1990_film),Graveyard Shift (1990 film),1990,Horror,Ralph S. Singleton,86,,
David_Andrews_(actor),David Andrews (actor),1990,Horror,,,,
Stephen_Macht,Stephen Macht,1990,Horror,,,,
Stephen_King,Stephen King,1990,Horror,,,,
Joe_Dante,Joe Dante,1990,Horror,,,,
Zach_Galligan,Zach Galligan,1990,Horror,,,,
Phoebe_Cates,Phoebe Cates,1990,Horror,,,,
John_Glover_(actor),John Glover (actor),1990,Horror,,,,
Christopher_Lee,Christopher Lee,1990,Horror,,,,
Grim_Prairie_Tales,Grim Prairie Tales,1990,Horror,Wayne Coe,86,,
James_Earl_Jones,James Earl Jones,1990,Horror,,,,
Will_Hare,Will Hare,1990,Horror,,,,
The_Guardian_(1990_film),The Guardian (1990 film),1990,Horror,William Friedkin,92,,
William_Friedkin,William Friedkin,1990,Horror,,,,
Jenny_Seagrove,Jenny Seagrove,1990,Horror,,,,
Dwier_Brown,Dwier Brown,1990,Horror,,,,
Carey_Lowell,Carey Lowell,1990,Horror,,,,
The_Haunting_of_Morella,The Haunting of Morella,1990,Horror,Jim Wynorski,87,,
Jim_Wynorski,Jim Wynorski,1990,Horror,,,,
David_McCallum,David McCallum,1990,Horror,,,,
Nicole_Eggert,Nicole Eggert,1990,Horror,,,,
Mira_Banjac,Mira Banjac,1990,Horror,,,,
The_Hook_of_Woodland_Heights,The Hook of Woodland Heights,1990,Horror,Michael Savino,40,,
I_Bought_a_Vampire_Motorcycle,I Bought a Vampire Motorcycle,1990,Horror,Dirk Campbell,105,,
Dirk_Campbell,Mont Campbell,1990,Horror,,,,
Neil_Morrissey,Neil Morrissey,1990,Horror,,,,
George_Rossi,George Rossi,1990,Horror,,,,
Burt_Kwouk,Burt Kwouk,1990,Horror,,,,
I%27m_Dangerous_Tonight,I'm Dangerous Tonight,1990,Horror,Tobe Hooper [ 2 ],92,,
Tobe_Hooper,Tobe Hooper,1990,Horror,,,,
M%C3%A4dchen_Amick,Mädchen Amick,1990,Horror,,,,
Corey_Parker_(actor),Corey Parker (actor),1990,Horror,,,,
Dee_Wallace,Dee Wallace,1990,Horror,,,,
Jacob%27s_Ladder_(1990_film),Jacob's Ladder (1990 film),1990,Horror,Adrian Lyne,113,,
Adrian_Lyne,Adrian Lyne,1990,Horror,,,,
Tim_Robbins,Tim Robbins,1990,Horror,,,,
Elizabeth_Pe%C3%B1a,Elizabeth Peña,1990,Horror,,,,
Danny_Aiello,Danny Aiello,1990,Horror,,,,
Ving_Rhames,Ving Rhames,1990,Horror,,,,
Jeff_Burr,Jeff Burr,1990,Horror,,,,
Kate_Hodge,Kate Hodge,1990,Horror,,,,
Viggo_Mortensen,Viggo Mortensen,1990,Horror,,,,
William_Butler_(actor),William Butler (actor),1990,Horror,,,,
Linnea_Quigley,Linnea Quigley,1990,Horror,,,,
Luther_the_Geek,Luther the Geek,1990,Horror,Carlton J. Albright,80,,
Maniac_Cop_2,Maniac Cop 2,1990,Horror,William Lustig,88,,
William_Lustig,William Lustig,1990,Horror,,,,
Maniac_Nurses_Find_Ecstasy,Maniac Nurses Find Ecstasy,1990,Horror,Léon Paul De Bruyn,74,,
Charles_Band,Charles Band,1990,Horror,,,,
Vernon_Dobtcheff,Vernon Dobtcheff,1990,Horror,,,,
Sherilyn_Fenn,Sherilyn Fenn,1990,Horror,,,,
Phil_Fondacaro,Phil Fondacaro,1990,Horror,,,,
Jennifer_McAllister,Jenny McAllister,1990,Horror,,,,
Todd_Caldecott,Todd Caldecott,1990,Horror,,,,
"Mirror,_Mirror_(1990_film)","Mirror, Mirror (1990 film)",1990,Horror,Marina Sargenti,104,,
Marina_Sargenti,Marina Sargenti,1990,Horror,,,,
Karen_Black,Karen Black,1990,Horror,,,,
Yvonne_De_Carlo,Yvonne De Carlo,1990,Horror,,,,
Misery_(film),Misery (film),1990,Horror,Rob Reiner,107,,
Rob_Reiner,Rob Reiner,1990,Horror,,,,
Kathy_Bates,Kathy Bates,1990,Horror,,,,
James_Caan,James Caan,1990,Horror,,,,
Lauren_Bacall,Lauren Bacall,1990,Horror,,,,
Nightbreed,Nightbreed,1990,Horror,Clive Barker,102,,
Clive_Barker,Clive Barker,1990,Horror,,,,
Craig_Sheffer,Craig Sheffer,1990,Horror,,,,
David_Cronenberg,David Cronenberg,1990,Horror,,,,
The_Night_Brings_Charlie,The Night Brings Charlie,1990,Horror,Tom Logan,77,,
Tom_Logan_(director),Tom Logan (director),1990,Horror,,,,
Keith_Hudson,Keith Hudson,1990,Horror,,,,
Fred_Travalena,Fred Travalena,1990,Horror,,,,
Night_of_the_Living_Dead_(1990_film),Night of the Living Dead (1990 film),1990,Horror,Tom Savini,92,,
Tom_Savini,Tom Savini,1990,Horror,,,,
Tony_Todd,Tony Todd,1990,Horror,,,,
Patricia_Tallman,Patricia Tallman,1990,Horror,,,,
Tom_Towles,Tom Towles,1990,Horror,,,,
Kato_Kaelin,Kato Kaelin,1990,Horror,,,,
Pale_Blood,Pale Blood,1990,Horror,V. V. Dachin Hsu Michael W. Leighton,93,,
Frazer_Smith,Frazer Smith,1990,Horror,,,,
Wings_Hauser,Wings Hauser,1990,Horror,,,,
Pledge_Night,Pledge Night,1990,Horror,Paul Ziller,86,,
Predator_2,Predator 2,1990,Horror,Stephen Hopkins,108,,
Danny_Glover,Danny Glover,1990,Horror,,,,
Gary_Busey,Gary Busey,1990,Horror,,,,
Rub%C3%A9n_Blades,Rubén Blades,1990,Horror,,,,
Peter_R._Simpson,Peter Simpson (film producer),1990,Horror,,,,
Cyndy_Preston,Cynthia Preston,1990,Horror,,,,
Mick_Garris,Mick Garris,1990,Horror,,,,
Henry_Thomas,Henry Thomas,1990,Horror,,,,
Olivia_Hussey,Olivia Hussey,1990,Horror,,,,
The_Reflecting_Skin_(film),The Reflecting Skin,1990,Horror,Philip Ridley,95,,
Repossessed_(film),Repossessed (film),1990,Horror,Bob Logan,80,,
Bob_Logan_(film_director),Bob Logan (film director),1990,Horror,,,,
Leslie_Nielsen,Leslie Nielsen,1990,Horror,,,,
Linda_Blair,Linda Blair,1990,Horror,,,,
Shakma,Shakma,1990,Horror,Hugh Parks Tom Logan,101,,
Christopher_Atkins,Christopher Atkins,1990,Horror,,,,
Amanda_Wyss,Amanda Wyss,1990,Horror,,,,
Ari_Meyers,Ari Meyers,1990,Horror,,,,
Roddy_McDowall,Roddy McDowall,1990,Horror,,,,
Shock_%27Em_Dead,Shock 'Em Dead,1990,Horror,Mark Freed,94,,
Troy_Donahue,Troy Donahue,1990,Horror,,,,
Traci_Lords,Traci Lords,1990,Horror,,,,
Neith_Hunter,Neith Hunter,1990,Horror,,,,
Clint_Howard,Clint Howard,1990,Horror,,,,
Maud_Adams,Maud Adams,1990,Horror,,,,
Singapore_Sling_(1990_film),Singapore Sling (1990 film),1990,Horror,Nikos Nikolaidis,111,,
Nikos_Nikolaidis,Nikos Nikolaidis,1990,Horror,,,,
The_Sleeping_Car,The Sleeping Car,1990,Horror,,,,
David_Naughton,David Naughton,1990,Horror,,,,
Judie_Aronson,Judie Aronson,1990,Horror,,,,
Kevin_McCarthy_(actor),Kevin McCarthy (actor),1990,Horror,,,,
Slumber_Party_Massacre_III,Slumber Party Massacre III,1990,Horror,Sally Mattison,87,,
Sorority_House_Massacre_II,Sorority House Massacre II,1990,Horror,Jim Wynorski,80,,
Soultaker_(film),Soultaker (film),1990,Horror,Michael Rissi,94,,
Joe_Estevez,Joe Estevez,1990,Horror,,,,
The_Suckling,The Suckling,1990,Horror,Francis Teri,89,,
John_Harrison_(filmmaker),John Harrison (director),1990,Horror,,,,
Debbie_Harry,Debbie Harry,1990,Horror,,,,
Christian_Slater,Christian Slater,1990,Horror,,,,
Rae_Dawn_Chong,Rae Dawn Chong,1990,Horror,,,,
Arthur_Conan_Doyle,Arthur Conan Doyle,1990,Horror,,,,
Tremors_(1990_film),Tremors (1990 film),1990,Horror,Ron Underwood,96,,
Ron_Underwood,Ron Underwood,1990,Horror,,,,
Fred_Ward,Fred Ward,1990,Horror,,,,
Finn_Carter,Finn Carter,1990,Horror,,,,
Troll_2,Troll 2,1990,Horror,Claudio Fragasso [ a ],94,,
Michael_Stephenson_(filmmaker),Michael Stephenson (filmmaker),1990,Horror,,,,
George_Hardy_(actor),George Hardy (actor),1990,Horror,,,,
Joe_D%27Amato,Joe D'Amato,1990,Horror,,,,
Two_Evil_Eyes,Two Evil Eyes,1990,Horror,George Romero Dario Argento,120,,
Dario_Argento,Dario Argento,1990,Horror,,,,
George_A._Romero,George A. Romero,1990,Horror,,,,
Adrienne_Barbeau,Adrienne Barbeau,1990,Horror,,,,
E._G._Marshall,E. G. Marshall,1990,Horror,,,,
Harvey_Keitel,Harvey Keitel,1990,Horror,,,,
Watchers_II,Watchers II,1990,Horror,Thierry Notz,,,
Marc_Singer,Marc Singer,1990,Horror,,,,
Tracy_Scoggins,Tracy Scoggins,1990,Horror,,,,
Dean_Koontz,Dean Koontz,1990,Horror,,,,
Wheels_of_Terror,Wheels of Terror,1990,Horror,Christopher Cain,85,,
Christopher_Cain,Christopher Cain,1990,Horror,,,,
Whispers_(1990_film),Whispers (1990 film),1990,Horror,Douglas Jackson,93,,
Douglas_Jackson_(filmmaker),Douglas Jackson (filmmaker),1990,Horror,,,,
Victoria_Tennant,Victoria Tennant,1990,Horror,,,,
Jean_LeClerc_(actor),Jean LeClerc (actor),1990,Horror,,,,
Harry_Bromley_Davenport,Harry Bromley Davenport,1990,Horror,,,,
Jan-Michael_Vincent,Jan-Michael Vincent,1990,Horror,,,,
Paul_Koslo,Paul Koslo,1990,Horror,,,,
Tara_Buckman,Tara Buckman,1990,Horror,,,,
German_expressionist_cinema,German expressionist cinema,1990,Horror,,,,
Phil_Hardy_(journalist),Phil Hardy (journalist),1990,Horror,,,,
Overlook_Press,The Overlook Press,1990,Horror,,,,
ISBN_(identifier),ISBN,1990,Horror,,,,
John_Kenneth_Muir,John Kenneth Muir,1990,Horror,,,,
Hal_Leonard_Corporation,Hal Leonard,1990,Horror,,,,
Internet_Movie_Database,IMDb,1990,Horror,,,,
Horror_comics,Horror comics,1990,Horror,,,,
Werewolf_fiction,Werewolf fiction,1990,Horror,,,,
Div_(mythology),Div (mythology),1990,Horror,,,,
Extraterrestrials_in_fiction,Extraterrestrials in fiction,1990,Horror,,,,
Chimera_(mythology),Chimera (mythology),1990,Horror,,,,
Piranha,Piranha,1990,Horror,,,,
Werecat,Werecat,1990,Horror,,,,
Werewolf,Werewolf,1990,Horror,,,,
Zombie,Zombie,1990,Horror,,,,
Gods_and_demons_fiction,Gods and demons fiction,1990,Horror,,,,
Deathrock,Deathrock,1990,Horror,,,,
Horror_punk,Horror punk,1990,Horror,,,,
Horrorcore,Horrorcore,1990,Horror,,,,
Bram_Stoker_Award,Bram Stoker Award,1990,Horror,,,,
Internet_Speculative_Fiction_Database,Internet Speculative Fiction Database,1990,Horror,,,,
964_Pinocchio,964 Pinocchio,1991,Horror,Shozin Fukui,97,,
Shozin_Fukui,Shozin Fukui,1991,Horror,,,,
976-Evil_II,976-Evil II,1991,Horror,Jim Wynorski,93,,
Monique_Gabrielle,Monique Gabrielle,1991,Horror,,,,
Joseph_Bologna,Joseph Bologna,1991,Horror,,,,
Woody_Brown_(actor),Woody Brown (actor),1991,Horror,,,,
Richard_Lynch_(actor),Richard Lynch,1991,Horror,,,,
Bad_Karma_(1991_film),Bad Karma (1991 film),1991,Horror,Alex Chandon,36,,
Alex_Chandon,Alex Chandon,1991,Horror,,,,
Carmel_(singer),Carmel McCourt,1991,Horror,,,,
Dan_Barton_(actor),Dan Barton,1991,Horror,,,,
Don_Dohler,Don Dohler,1991,Horror,,,,
Blood_Ties_(1991_film),Blood Ties (1991 film),1991,Horror,Jim McBride,102,,
Jim_McBride,Jim McBride,1991,Horror,,,,
Patrick_Bauchau,Patrick Bauchau,1991,Horror,,,,
Michael_C._Gwynne,Michael C. Gwynne,1991,Horror,,,,
Body_Parts_(film),Body Parts (film),1991,Horror,Eric Red,88,,
Eric_Red,Eric Red,1991,Horror,,,,
Jeff_Fahey,Jeff Fahey,1991,Horror,,,,
Lindsay_Duncan,Lindsay Duncan,1991,Horror,,,,
The_Boneyard,The Boneyard,1991,Horror,James Cummins,93,,
Phyllis_Diller,Phyllis Diller,1991,Horror,,,,
Campfire_Tales_(1991_film),Campfire Tales (1991 film),1991,Horror,William Cooke Paul Talbot,88,,
Cape_Fear_(1991_film),Cape Fear (1991 film),1991,Horror,Martin Scorsese,128,,
Martin_Scorsese,Martin Scorsese,1991,Horror,,,,
Robert_De_Niro,Robert De Niro,1991,Horror,,,,
Nick_Nolte,Nick Nolte,1991,Horror,,,,
Jessica_Lange,Jessica Lange,1991,Horror,,,,
Cast_a_Deadly_Spell,Cast a Deadly Spell,1991,Horror,Martin Campbell,96,,
Joseph_Dougherty,Joseph Dougherty,1991,Horror,,,,
Clancy_Brown,Clancy Brown,1991,Horror,,,,
Julianne_Moore,Julianne Moore,1991,Horror,,,,
H.P._Lovecraft,H. P. Lovecraft,1991,Horror,,,,
"Child_of_Darkness,_Child_of_Light","Child of Darkness, Child of Light",1991,Horror,Marina Sargenti,,,
Anthony_John_Denison,Anthony Denison,1991,Horror,,,,
Brad_Davis_(actor),Brad Davis (actor),1991,Horror,,,,
Sydney_Penny,Sydney Penny,1991,Horror,,,,
James_Patterson,James Patterson,1991,Horror,,,,
Children_of_the_Night_(1991_film),Children of the Night (1991 film),1991,Horror,Tony Randel,92,,
Child%27s_Play_3,Child's Play 3,1991,Horror,Jack Bender,90,,
Jack_Bender,Jack Bender,1991,Horror,,,,
Justin_Whalin,Justin Whalin,1991,Horror,,,,
Perrey_Reeves,Perrey Reeves,1991,Horror,,,,
The_Devil%27s_Daughter_(1991_film),The Devil's Daughter (1991 film),1991,Horror,Michele Soavi,116,,
Dolly_Dearest,Dolly Dearest,1991,Horror,Maria Lease,94,,
Denise_Crosby,Denise Crosby,1991,Horror,,,,
Sam_Bottoms,Sam Bottoms,1991,Horror,,,,
Rip_Torn,Rip Torn,1991,Horror,,,,
Rachel_Talalay,Rachel Talalay,1991,Horror,,,,
Robert_Englund,Robert Englund,1991,Horror,,,,
Lisa_Zane,Lisa Zane,1991,Horror,,,,
The_Haunted_(1991_film),The Haunted (1991 film),1991,Horror,Robert Mandel,100,,
Robert_Mandel,Robert Mandel,1991,Horror,,,,
Sally_Kirkland,Sally Kirkland,1991,Horror,,,,
Jeffrey_DeMunn,Jeffrey DeMunn,1991,Horror,,,,
Hauntedween,Hauntedween,1991,Horror,Doug Robertson,88,,
Fred_Olen_Ray,Fred Olen Ray,1991,Horror,,,,
Hiruko_the_Goblin,Hiruko the Goblin,1991,Horror,Shinya Tsukamoto,89,,
Shinya_Tsukamoto,Shinya Tsukamoto,1991,Horror,,,,
Kenji_Sawada,Kenji Sawada,1991,Horror,,,,
Bruce_Payne,Bruce Payne,1991,Horror,,,,
Michele_Matheson,Michele Matheson,1991,Horror,,,,
Cliff_De_Young,Cliff DeYoung,1991,Horror,,,,
Shari_Shattuck,Shari Shattuck,1991,Horror,,,,
Maryam_d%27Abo,Maryam d'Abo,1991,Horror,,,,
Katabi_Ko%27y_Mamaw,Katabi Ko'y Mamaw,1991,Horror,Mike Relon Makiling,105,,
Reycard_Duet,Reycard Duet,1991,Horror,,,,
Donita_Rose,Donita Rose,1991,Horror,,,,
Yoriko_Douguchi,Yoriko Dōguchi,1991,Horror,,,,
Masat%C5%8D_Ibu,Masatō Ibu,1991,Horror,,,,
Nekromantik_2,Nekromantik 2,1991,Horror,Jörg Buttgereit,111,,
J%C3%B6rg_Buttgereit,Jörg Buttgereit,1991,Horror,,,,
Nudist_Colony_of_the_Dead,Nudist Colony of the Dead,1991,Horror,,90,,
Dominique_Othenin-Girard,Dominique Othenin-Girard,1991,Horror,,,,
Faye_Grant,Faye Grant,1991,Horror,,,,
Michael_Lerner_(actor),Michael Lerner (actor),1991,Horror,,,,
The_People_Under_the_Stairs,The People Under the Stairs,1991,Horror,Wes Craven,102,,
Wes_Craven,Wes Craven,1991,Horror,,,,
Brandon_Adams_(actor),Brandon Adams (actor),1991,Horror,,,,
Everett_McGill,Everett McGill,1991,Horror,,,,
Wendy_Robie,Wendy Robie,1991,Horror,,,,
The_Pit_and_the_Pendulum_(1990_film),The Pit and the Pendulum (1991 film),1991,Horror,Stuart Gordon,97,,
Lance_Henriksen,Lance Henriksen,1991,Horror,,,,
Mark_Margolis,Mark Margolis,1991,Horror,,,,
Popcorn_(1991_film),Popcorn (1991 film),1991,Horror,Mark Herrier,91,,
Alan_Ormsby,Alan Ormsby,1991,Horror,,,,
Mark_Herrier,Mark Herrier,1991,Horror,,,,
Jill_Schoelen,Jill Schoelen,1991,Horror,,,,
Puppet_Master_II,Puppet Master II,1991,Horror,Dave Allen,88,,
David_W._Allen,David W. Allen,1991,Horror,,,,
David_DeCoteau,David DeCoteau,1991,Horror,,,,
Guy_Rolfe,Guy Rolfe,1991,Horror,,,,
Ian_Abercrombie,Ian Abercrombie,1991,Horror,,,,
The_Resurrected,The Resurrected,1991,Horror,Dan O'Bannon,108,,
Dan_O%27Bannon,Dan O'Bannon,1991,Horror,,,,
John_Terry_(actor),John Terry (actor),1991,Horror,,,,
Jane_Sibbett,Jane Sibbett,1991,Horror,,,,
Chris_Sarandon,Chris Sarandon,1991,Horror,,,,
Norman_Mitchell,Norman Mitchell,1991,Horror,,,,
Elaine_Ives-Cameron,Elaine Ives-Cameron,1991,Horror,,,,
The_Runestone,The Runestone,1991,Horror,Willard Carroll,100,,
Willard_Carroll,Willard Carroll,1991,Horror,,,,
Peter_Riegert,Peter Riegert,1991,Horror,,,,
Joan_Severance,Joan Severance,1991,Horror,,,,
Ir%C3%A8ne_Jacob,Irène Jacob,1991,Horror,,,,
Marc_de_Jonge,Marc de Jonge,1991,Horror,,,,
Jean-Paul_Roussillon,Jean-Paul Roussillon,1991,Horror,,,,
Christian_Duguay_(director),Christian Duguay (director),1991,Horror,,,,
David_Hewlett,David Hewlett,1991,Horror,,,,
Deborah_Raffin,Deborah Raffin,1991,Horror,,,,
Yvan_Ponton,Yvan Ponton,1991,Horror,,,,
Norio_Tsuruta,Norio Tsuruta,1991,Horror,,,,
Bruce_Greenwood,Bruce Greenwood,1991,Horror,,,,
Grace_Zabriskie,Grace Zabriskie,1991,Horror,,,,
Carel_Struycken,Carel Struycken,1991,Horror,,,,
"Shake,_Rattle_%26_Roll_III","Shake, Rattle & Roll III",1991,Horror,Peque Gallaga Lore Reyes,126,,
Peque_Gallaga,Peque Gallaga,1991,Horror,,,,
Kris_Aquino,Kris Aquino,1991,Horror,,,,
Ogie_Alcasid,Ogie Alcasid,1991,Horror,,,,
Rosemarie_Gil,Rosemarie Gil,1991,Horror,,,,
Manilyn_Reynes,Manilyn Reynes,1991,Horror,,,,
Joey_Marquez,Joey Marquez,1991,Horror,,,,
Ai-Ai_delas_Alas,Ai-Ai delas Alas,1991,Horror,,,,
Janice_de_Belen,Janice de Belen,1991,Horror,,,,
Gina_Alajar,Gina Alajar,1991,Horror,,,,
Joel_Torre,Joel Torre,1991,Horror,,,,
Armida_Siguion-Reyna,Armida Siguion-Reyna,1991,Horror,,,,
Subas_Herrero,Subas Herrero,1991,Horror,,,,
Inday_Badiday,Inday Badiday,1991,Horror,,,,
The_Silence_of_the_Lambs_(film),The Silence of the Lambs (film),1991,Horror,Jonathan Demme,118,,
Jonathan_Demme,Jonathan Demme,1991,Horror,,,,
Jodie_Foster,Jodie Foster,1991,Horror,,,,
Anthony_Hopkins,Anthony Hopkins,1991,Horror,,,,
Sometimes_They_Come_Back_(film),Sometimes They Come Back (film),1991,Horror,Tom McLoughlin,97,,
Tom_McLoughlin,Tom McLoughlin,1991,Horror,,,,
Tim_Matheson,Tim Matheson,1991,Horror,,,,
Brooke_Adams_(actress),Brooke Adams (actress),1991,Horror,,,,
William_Sanderson,William Sanderson,1991,Horror,,,,
Steel_and_Lace,Steel and Lace,1991,Horror,Ernest D. Farino,90,,
Clare_Wren,Clare Wren,1991,Horror,,,,
Bruce_Davison,Bruce Davison,1991,Horror,,,,
Stacy_Haiduk,Stacy Haiduk,1991,Horror,,,,
Subspecies_(film_series),Subspecies (film series),1991,Horror,Ted Nicolaou,539,,
Ted_Nicolaou,Ted Nicolaou,1991,Horror,,,,
Anders_Hove_(actor),Anders Hove (actor),1991,Horror,,,,
Voodoo_Dawn,Voodoo Dawn,1991,Horror,Steven Fierberg,83,,
Rachel_Feldman,Rachel Feldman,1991,Horror,,,,
Peter_Dendle,Peter Dendle,1991,Horror,,,,
Alien_3,Alien 3,1992,Horror,David Fincher,114,,
David_Fincher,David Fincher,1992,Horror,,,,
Sigourney_Weaver,Sigourney Weaver,1992,Horror,,,,
Charles_S._Dutton,Charles S. Dutton,1992,Horror,,,,
Charles_Dance,Charles Dance,1992,Horror,,,,
All_Night_Long_(1992_film),All Night Long (1992 film),1992,Horror,Katsuya Matsumura,90,,
Katsuya_Matsumura,Katsuya Matsumura,1992,Horror,,,,
Ry%C5%8Dka_Yuzuki,Ryoka Yuzuki,1992,Horror,,,,
Nita_Talbot,Nita Talbot,1992,Horror,,,,
Army_of_Darkness,Army of Darkness,1992,Horror,Sam Raimi,81,,
Sam_Raimi,Sam Raimi,1992,Horror,,,,
Bruce_Campbell,Bruce Campbell,1992,Horror,,,,
Embeth_Davidtz,Embeth Davidtz,1992,Horror,,,,
Marcus_Gilbert_(actor),Marcus Gilbert (actor),1992,Horror,,,,
Ax_%27Em,Ax 'Em,1992,Horror,Michael Mfume,71,,
Joe_Clair,Joe Clair,1992,Horror,,,,
Dan_Biggers,Dan Biggers,1992,Horror,,,,
Kazuo_Komizu,Kazuo Komizu,1992,Horror,,,,
Devil_Masami,Devil Masami,1992,Horror,,,,
Braindead_(film),Braindead (film),1992,Horror,Peter Jackson,104,,
Peter_Jackson,Peter Jackson,1992,Horror,,,,
Timothy_Balme,Tim Balme,1992,Horror,,,,
Elizabeth_Moody_(actor),Elizabeth Moody (actress),1992,Horror,,,,
Bram_Stoker%27s_Dracula_(1992_film),Bram Stoker's Dracula (1992 film),1992,Horror,Francis Ford Coppola,128,,
Buffy_the_Vampire_Slayer_(film),Buffy the Vampire Slayer (film),1992,Horror,Fran Rubel Kuzui,86,,
Fran_Rubel_Kuzui,Fran Rubel Kuzui,1992,Horror,,,,
Kristy_Swanson,Kristy Swanson,1992,Horror,,,,
Donald_Sutherland,Donald Sutherland,1992,Horror,,,,
Luke_Perry,Luke Perry,1992,Horror,,,,
Candyman_(1992_film),Candyman (1992 film),1992,Horror,Bernard Rose,101,,
Bernard_Rose_(director),Bernard Rose (director),1992,Horror,,,,
Virginia_Madsen,Virginia Madsen,1992,Horror,,,,
Xander_Berkeley,Xander Berkeley,1992,Horror,,,,
Terence_Knox,Terence Knox,1992,Horror,,,,
Paul_Scherrer_(actor),Paul Scherrer (actor),1992,Horror,,,,
Ryan_Bollman,Ryan Bollman,1992,Horror,,,,
Amy_Weber,Amy Weber,1992,Horror,,,,
Demonic_Toys,Demonic Toys,1992,Horror,Peter Manoogian,86,,
Jeff_Celentano,Jeff Celentano,1992,Horror,,,,
Bentley_Mitchum,Bentley Mitchum,1992,Horror,,,,
Dr._Giggles,Dr. Giggles,1992,Horror,Manny Coto,96,,
Manny_Coto,Manny Coto,1992,Horror,,,,
Larry_Drake,Larry Drake,1992,Horror,,,,
Holly_Marie_Combs,Holly Marie Combs,1992,Horror,,,,
Drillbit_(film),Drillbit (film),1992,Horror,Alex Chandon,33,,
Dust_Devil_(film),Dust Devil (film),1992,Horror,Richard Stanley,108,,
Richard_Stanley_(film_director),Richard Stanley (director),1992,Horror,,,,
Robert_John_Burke,Robert John Burke,1992,Horror,,,,
Chelsea_Field,Chelsea Field,1992,Horror,,,,
Zakes_Mokae,Zakes Mokae,1992,Horror,,,,
Evil_Toons,Evil Toons,1992,Horror,Fred Olen Ray,90,,
David_Carradine,David Carradine,1992,Horror,,,,
Frankenstein_(1992_film),Frankenstein (1992 film),1992,Horror,David Wickes,117,,
John_Mills,John Mills,1992,Horror,,,,
Randy_Quaid,Randy Quaid,1992,Horror,,,,
Patrick_Bergin,Patrick Bergin,1992,Horror,,,,
Tibor_Tak%C3%A1cs_(director),Tibor Takács (director),1992,Horror,,,,
Simon_Reynolds,Simon Reynolds,1992,Horror,,,,
Patty_Duke,Patty Duke,1992,Horror,,,,
David_Selby,David Selby,1992,Horror,,,,
The_Guard_from_Underground,The Guard from Underground,1992,Horror,Kiyoshi Kurosawa,97,,
Kiyoshi_Kurosawa,Kiyoshi Kurosawa,1992,Horror,,,,
Hatsunori_Hasegawa,Hatsunori Hasegawa,1992,Horror,,,,
Makiko_Kuno,Makiko Kuno,1992,Horror,,,,
Ren_Osugi,Ren Osugi,1992,Horror,,,,
Jose_Javier_Reyes,Jose Javier Reyes,1992,Horror,,,,
Mark_Anthony_Fernandez,Mark Anthony Fernandez,1992,Horror,,,,
Jomari_Yllana,Jomari Yllana,1992,Horror,,,,
Eric_Fructuoso,Eric Fructuoso,1992,Horror,,,,
Anjo_Yllana,Anjo Yllana,1992,Horror,,,,
Carmina_Villarroel,Carmina Villarroel,1992,Horror,,,,
Sunshine_Cruz,Sunshine Cruz,1992,Horror,,,,
Happy_Hell_Night,Happy Hell Night,1992,Horror,Brian Owens,87,,
Darren_McGavin,Darren McGavin,1992,Horror,,,,
Sam_Rockwell,Sam Rockwell,1992,Horror,,,,
Jorja_Fox,Jorja Fox,1992,Horror,,,,
Hellmaster,Hellmaster,1992,Horror,Douglas Schulze,92,,
David_Emge,David Emge,1992,Horror,,,,
Jeff_Rector,Jeff Rector,1992,Horror,,,,
Anthony_Hickox,Anthony Hickox,1992,Horror,,,,
Terry_Farrell_(actress),Terry Farrell (actress),1992,Horror,,,,
Doug_Bradley,Doug Bradley,1992,Horror,,,,
Paula_Marshall,Paula Marshall,1992,Horror,,,,
Highway_to_Hell_(film),Highway to Hell (film),1992,Horror,Ate de Jong,94,,
Ate_de_Jong,Ate de Jong,1992,Horror,,,,
Chad_Lowe,Chad Lowe,1992,Horror,,,,
House_IV,House IV,1992,Horror,Lewis Abernathy,94,,
Terri_Treas,Terri Treas,1992,Horror,,,,
William_Katt,William Katt,1992,Horror,,,,
Innocent_Blood_(film),Innocent Blood (film),1992,Horror,John Landis,113,,
John_Landis,John Landis,1992,Horror,,,,
Anne_Parillaud,Anne Parillaud,1992,Horror,,,,
David_Proval,David Proval,1992,Horror,,,,
Elaine_Hendrix,Elaine Hendrix,1992,Horror,,,,
Mad_at_the_Moon,Mad at the Moon,1992,Horror,Martin Donovan,98,,
Martin_Donovan,Martin Donovan,1992,Horror,,,,
Mary_Stuart_Masterson,Mary Stuart Masterson,1992,Horror,,,,
Hart_Bochner,Hart Bochner,1992,Horror,,,,
Fionnula_Flanagan,Fionnula Flanagan,1992,Horror,,,,
Netherworld_(film),Netherworld (film),1992,Horror,David Schmoeller,85,,
David_Schmoeller,David Schmoeller,1992,Horror,,,,
Pet_Sematary_Two,Pet Sematary Two,1992,Horror,Mary Lambert,100,,
Mary_Lambert_(director),Mary Lambert (director),1992,Horror,,,,
Edward_Furlong,Edward Furlong,1992,Horror,,,,
Anthony_Edwards_(actor),Anthony Edwards (actor),1992,Horror,,,,
Nicole_deBoer,Nicole de Boer,1992,Horror,,,,
Joy_Tanner,Joy Tanner,1992,Horror,,,,
Raising_Cain,Raising Cain,1992,Horror,Brian De Palma,88,,
Sarah_Paxton,Sara Paxton,1992,Horror,,,,
Steve_Parrish,Steve Parrish,1992,Horror,,,,
Shear_Fear,Shear Fear,1992,Horror,Ilari Nummi,61,,
Sleepwalkers_(1992_film),Sleepwalkers (1992 film),1992,Horror,Mick Garris,89,,
Brian_Krause,Brian Krause,1992,Horror,,,,
Alice_Krige,Alice Krige,1992,Horror,,,,
Spellcaster_(film),Spellcaster (film),1992,Horror,Rafal Zielinski,83,,
Gail_O%27Grady,Gail O'Grady,1992,Horror,,,,
Adam_Ant,Adam Ant,1992,Horror,,,,
Stepfather_III,Stepfather III,1992,Horror,Guy Magar,110,,
Priscilla_Barnes,Priscilla Barnes,1992,Horror,,,,
Season_Hubley,Season Hubley,1992,Horror,,,,
David_Lynch,David Lynch,1992,Horror,,,,
The_Vagrant_(1992_film),The Vagrant (1992 film),1992,Horror,Chris Walas,91,,
Chris_Walas,Chris Walas,1992,Horror,,,,
Patrika_Darbo,Patrika Darbo,1992,Horror,,,,
Michael_Ironside,Michael Ironside,1992,Horror,,,,
Winterbeast,Winterbeast,1992,Horror,Christopher Thies,,,
James_Merendino,James Merendino,1992,Horror,,,,
Jeremy_Kasten,Jeremy Kasten,1992,Horror,,,,
Zipperface,Zipperface,1992,Horror,Mansour Pourmand,90,,
Ross_Partridge,Ross Partridge,1993,Horror,,,,
Julia_Nickson-Soul,Julia Nickson,1993,Horror,,,,
Lala_Sloatman,Lala Sloatman,1993,Horror,,,,
Body_Bags_(film),Body Bags (film),1993,Horror,John Carpenter Tobe Hooper,91,,
John_Carpenter,John Carpenter,1993,Horror,,,,
Mark_Hamill,Mark Hamill,1993,Horror,,,,
Stacy_Keach,Stacy Keach,1993,Horror,,,,
Twiggy,Twiggy,1993,Horror,,,,
Robert_Carradine,Robert Carradine,1993,Horror,,,,
Sheena_Easton,Sheena Easton,1993,Horror,,,,
Body_Melt,Body Melt,1993,Horror,Philip Brophy,81,,
Gerard_Kennedy_(actor),Gerard Kennedy (actor),1993,Horror,,,,
Andrew_Daddo,Andrew Daddo,1993,Horror,,,,
Ian_Smith_(actor),Ian Smith (actor),1993,Horror,,,,
Cannibal!_The_Musical,Cannibal! The Musical,1993,Horror,Trey Parker,96,,
Trey_Parker,Trey Parker,1993,Horror,,,,
Matt_Stone,Matt Stone,1993,Horror,,,,
Dian_Bachar,Dian Bachar,1993,Horror,,,,
Carnosaur_(film),Carnosaur (film),1993,Horror,Adam Simon,83,,
Diane_Ladd,Diane Ladd,1993,Horror,,,,
Jennifer_Runyon,Jennifer Runyon,1993,Horror,,,,
Cronos_(film),Cronos (film),1993,Horror,Guillermo del Toro,92,,
Guillermo_del_Toro,Guillermo del Toro,1993,Horror,,,,
Federico_Luppi,Federico Luppi,1993,Horror,,,,
Ron_Perlman,Ron Perlman,1993,Horror,,,,
Claudio_Brook,Claudio Brook,1993,Horror,,,,
The_Dark_Half_(film),The Dark Half (film),1993,Horror,George A. Romero,121,,
Timothy_Hutton,Timothy Hutton,1993,Horror,,,,
Amy_Madigan,Amy Madigan,1993,Horror,,,,
Michael_Rooker,Michael Rooker,1993,Horror,,,,
Dark_Universe_(film),Dark Universe (film),1993,Horror,Steve Latshaw,,,
Dollman_vs._Demonic_Toys,Dollman vs. Demonic Toys,1993,Horror,Charles Band,64,,
Tim_Thomerson,Tim Thomerson,1993,Horror,,,,
Melissa_Behr,Bad Channels,1993,Horror,Ted Nicolaou,88,,
Peter_Chen,Peter Chen,1993,Horror,,,,
Full_Eclipse,Full Eclipse,1993,Horror,Anthony Hickox,93,,
Patsy_Kensit,Patsy Kensit,1993,Horror,,,,
Mario_Van_Peebles,Mario Van Peebles,1993,Horror,,,,
Victoria_Rowell,Victoria Rowell,1993,Horror,,,,
Ghost_Brigade,Ghost Brigade,1993,Horror,George Hickenlooper,80,,
George_Hickenlooper,George Hickenlooper,1993,Horror,,,,
Corbin_Bernsen,Corbin Bernsen,1993,Horror,,,,
Adrian_Pasdar,Adrian Pasdar,1993,Horror,,,,
Ghost_in_the_Machine_(1993_film),Ghost in the Machine (1993 film),1993,Horror,Rachel Talalay,95,,
Karen_Allen,Karen Allen,1993,Horror,,,,
Chris_Mulkey,Chris Mulkey,1993,Horror,,,,
The_Good_Son_(film),The Good Son (film),1993,Horror,Joseph Ruben,86,,
Joseph_Ruben,Joseph Ruben,1993,Horror,,,,
Macaulay_Culkin,Macaulay Culkin,1993,Horror,,,,
Elijah_Wood,Elijah Wood,1993,Horror,,,,
Wendy_Crewson,Wendy Crewson,1993,Horror,,,,
David_Morse,David Morse,1993,Horror,,,,
Jacqueline_Brookes,Jacqueline Brookes,1993,Horror,,,,
Manny_Casta%C3%B1eda,Manny Castañeda,1993,Horror,,,,
Alma_Moreno,Alma Moreno,1993,Horror,,,,
Aga_Muhlach,Aga Muhlach,1993,Horror,,,,
William_Martinez_(actor),William Martinez (actor),1993,Horror,,,,
John_Estrada,John Estrada,1993,Horror,,,,
Chanda_Romero,Chanda Romero,1993,Horror,,,,
Hocus_Pocus_(1993_film),Hocus Pocus (1993 film),1993,Horror,Kenny Ortega,96,,
Kenny_Ortega,Kenny Ortega,1993,Horror,,,,
Bette_Midler,Bette Midler,1993,Horror,,,,
Sarah_Jessica_Parker,Sarah Jessica Parker,1993,Horror,,,,
Kathy_Najimy,Kathy Najimy,1993,Horror,,,,
Jack_Be_Nimble_(film),Jack Be Nimble (film),1993,Horror,Garth Maxwell,95,,
Alexis_Arquette,Alexis Arquette,1993,Horror,,,,
Adam_Marcus_(director),Adam Marcus (director),1993,Horror,,,,
John_D._LeMay,John D. LeMay,1993,Horror,,,,
Kari_Keegan,Jason Goes to Hell: The Final Friday,1993,Horror,Adam Marcus,88,,
Kane_Hodder,Kane Hodder,1993,Horror,,,,
Kalifornia,Kalifornia,1993,Horror,Dominic Sena,117,,
Brad_Pitt,Brad Pitt,1993,Horror,,,,
David_Duchovny,David Duchovny,1993,Horror,,,,
Juliette_Lewis,Juliette Lewis,1993,Horror,,,,
Michelle_Forbes,Michelle Forbes,1993,Horror,,,,
Leprechaun_(film),Leprechaun (film),1993,Horror,Mark Jones,92,,
Mark_Jones_(screenwriter),Mark Jones (filmmaker),1993,Horror,,,,
Warwick_Davis,Warwick Davis,1993,Horror,,,,
Jennifer_Aniston,Jennifer Aniston,1993,Horror,,,,
Ken_Olandt,Ken Olandt,1993,Horror,,,,
Mahakaal_(1993_film),Mahakaal (1994 film),1993,Horror,Shyam Ramsay Tulsi Ramsay,131,,
Archana_Puran_Singh,Archana Puran Singh,1993,Horror,,,,
Reema_Lagoo,Reema Lagoo,1993,Horror,,,,
Kulbhushan_Kharbanda,Kulbhushan Kharbanda,1993,Horror,,,,
Joel_Soisson,Joel Soisson,1993,Horror,,,,
Robert_Davi,Robert Davi,1993,Horror,,,,
Caitlin_Dulany,Caitlin Dulany,1993,Horror,,,,
Larry_Cohen,Larry Cohen,1993,Horror,,,,
Man%27s_Best_Friend_(1993_film),Man's Best Friend (1993 film),1993,Horror,John Lafia,87,,
John_Lafia,John Lafia,1993,Horror,,,,
Robert_Costanzo,Robert Costanzo,1993,Horror,,,,
Christophe_Gans,Christophe Gans,1993,Horror,,,,
David_Warner_(actor),David Warner (actor),1993,Horror,,,,
Needful_Things_(film),Needful Things (film),1993,Horror,Fraser C. Heston,120,,
Fraser_C._Heston,Fraser Clarke Heston,1993,Horror,,,,
Max_von_Sydow,Max von Sydow,1993,Horror,,,,
Ed_Harris,Ed Harris,1993,Horror,,,,
Bonnie_Bedelia,Bonnie Bedelia,1993,Horror,,,,
Night_Owl_(film),Night Owl (film),1993,Horror,Jeffrey Arsenault,77,,
John_Leguizamo,John Leguizamo,1993,Horror,,,,
Night_Terrors_(film),Night Terrors (film),1993,Horror,Tobe Hooper,98,,
J._R._Bookwalter,J. R. Bookwalter,1993,Horror,,,,
Puppet_Master_4,Puppet Master 4,1993,Horror,Jeff Burr,79,,
Gordon_Currie_(actor),Gordon Currie (actor),1993,Horror,,,,
Chandra_West,Chandra West,1993,Horror,,,,
Prosenjit_Chatterjee,Prosenjit Chatterjee,1993,Horror,,,,
Debashree_Roy,Debashree Roy,1993,Horror,,,,
Dilip_Roy_(actor),Dilip Roy (actor),1993,Horror,,,,
Return_of_the_Living_Dead_3,Return of the Living Dead 3,1993,Horror,Brian Yuzna,93,,
Mindy_Clarke,Melinda Clarke,1993,Horror,,,,
J._Trevor_Edmond,J. Trevor Edmond,1993,Horror,,,,
Kent_McCord,Kent McCord,1993,Horror,,,,
Savage_Vengeance,Savage Vengeance,1993,Horror,Donald Farmer,65,,
Camille_Keaton,Camille Keaton,1993,Horror,,,,
Melissa_Moore_(actress),Melissa Moore (actress),1993,Horror,,,,
Schramm_(film),Schramm (film),1993,Horror,Jörg Buttgereit,65,,
Skeeter_(film),Skeeter (film),1993,Horror,Clark Brandon,95,,
Ticks_(film),Ticks (film),1993,Horror,Tony Randel,85,,
Rosalind_Allen,Rosalind Allen,1993,Horror,,,,
Ami_Dolenz,Ami Dolenz,1993,Horror,,,,
Seth_Green,Seth Green,1993,Horror,,,,
Charlie_Spradling,Charlie Spradling,1993,Horror,,,,
Scott_Valentine_(actor),Scott Valentine (actor),1993,Horror,,,,
The_Tommyknockers_(TV_miniseries),The Tommyknockers (miniseries),1993,Horror,John Power,181,,
John_Power_(director),John Power (director),1993,Horror,,,,
Jimmy_Smits,Jimmy Smits,1993,Horror,,,,
Marg_Helgenberger,Marg Helgenberger,1993,Horror,,,,
Joanna_Cassidy,Joanna Cassidy,1993,Horror,,,,
Trauma_(1993_film),Trauma (1993 film),1993,Horror,Dario Argento,106,,
Asia_Argento,Asia Argento,1993,Horror,,,,
Piper_Laurie,Piper Laurie,1993,Horror,,,,
The_Untold_Story,The Untold Story,1993,Horror,Herman Yau,95,,
Herman_Yau,Herman Yau,1993,Horror,,,,
Anthony_Wong_Chau_Sang,Anthony Wong,1993,Horror,,,,
Danny_Lee_(actor),Danny Lee (actor),1993,Horror,,,,
The_Vanishing_(1993_film),The Vanishing (1993 film),1993,Horror,George Sluizer,109,,
George_Sluizer,George Sluizer,1993,Horror,,,,
Jeff_Bridges,Jeff Bridges,1993,Horror,,,,
Nancy_Travis,Nancy Travis,1993,Horror,,,,
Sandra_Bullock,Sandra Bullock,1993,Horror,,,,
Chris_Young_(actor),Chris Young (actor),1993,Horror,,,,
Kevin_S._Tenney,Kevin S. Tenney,1993,Horror,,,,
Laraine_Newman,Laraine Newman,1993,Horror,,,,
Zombie_Bloodbath,Zombie Bloodbath,1993,Horror,Todd Sheets,,,
Amoklauf,Amoklauf,1994,Horror,Uwe Boll,62,,
Uwe_Boll,Uwe Boll,1994,Horror,,,,
Brainscan,Brainscan,1994,Horror,John Flynn,96,,
John_Flynn_(director),John Flynn (director),1994,Horror,,,,
Frank_Langella,Frank Langella,1994,Horror,,,,
T._Ryder_Smith,T. Ryder Smith,1994,Horror,,,,
Cemetery_Man,Cemetery Man,1994,Horror,Michele Soavi,100,,
Michele_Soavi,Michele Soavi,1994,Horror,,,,
Rupert_Everett,Rupert Everett,1994,Horror,,,,
Fran%C3%A7ois_Hadji-Lazaro,François Hadji-Lazaro,1994,Horror,,,,
Anna_Falchi,Anna Falchi,1994,Horror,,,,
Stephen_McHattie,Stephen McHattie,1994,Horror,,,,
Brion_James,Brion James,1994,Horror,,,,
Angela_Featherstone,Angela Featherstone,1994,Horror,,,,
Dark_Waters_(1994_film),Dark Waters (1993 film),1994,Horror,Mariano Baino,94,,
Mariano_Baino,Mariano Baino,1994,Horror,,,,
Death_Machine,Death Machine,1994,Horror,Stephen Norrington,120,,
Stephen_Norrington,Stephen Norrington,1994,Horror,,,,
William_Hootkins,William Hootkins,1994,Horror,,,,
Richard_Brake,Richard Brake,1994,Horror,,,,
Funny_Man_(film),Funny Man (film),1994,Horror,Simon Sprackling,90,,
Benny_Young,Benny Young,1994,Horror,,,,
Ghoulies_(film_series),Ghoulies (film series),1994,Horror,,,,
Hellbound_(film),Hellbound (film),1994,Horror,Aaron Norris,95,,
Aaron_Norris,Aaron Norris,1994,Horror,,,,
Chuck_Norris,Chuck Norris,1994,Horror,,,,
Calvin_Levels,Calvin Levels,1994,Horror,,,,
Christopher_Neame,Christopher Neame,1994,Horror,,,,
In_the_Mouth_of_Madness,In the Mouth of Madness,1994,Horror,John Carpenter,95,,
Sam_Neill,Sam Neill,1994,Horror,,,,
Julie_Carmen,Julie Carmen,1994,Horror,,,,
J%C3%BCrgen_Prochnow,Jürgen Prochnow,1994,Horror,,,,
Interview_with_the_Vampire_(film),Interview with the Vampire (film),1994,Horror,Neil Jordan,122,,
Neil_Jordan,Neil Jordan,1994,Horror,,,,
Tom_Cruise,Tom Cruise,1994,Horror,,,,
Antonio_Banderas,Antonio Banderas,1994,Horror,,,,
Anne_Rice,Anne Rice,1994,Horror,,,,
The_Kingdom_(TV_miniseries),The Kingdom (miniseries),1994,Horror,Lars von Trier (seasons 1-3) Morten Arnfred (seasons 1-2),78,,
Lars_von_Trier,Lars von Trier,1994,Horror,,,,
Morten_Arnfred,Morten Arnfred,1994,Horror,,,,
Ernst-Hugo_J%C3%A4reg%C3%A5rd,Ernst-Hugo Järegård,1994,Horror,,,,
Kirsten_Rolffes,Kirsten Rolffes,1994,Horror,,,,
Holger_Juul_Hansen,Holger Juul Hansen,1994,Horror,,,,
Leprechaun_2,Leprechaun 2,1994,Horror,Rodman Flender,85,,
Rodman_Flender,Rodman Flender,1994,Horror,,,,
The_Lurking_Fear_(film),Lurking Fear (film),1994,Horror,C. Courtney Joyner,76,,
C._Courtney_Joyner,C. Courtney Joyner,1994,Horror,,,,
Vincent_Schiavelli,Vincent Schiavelli,1994,Horror,,,,
Paul_Mantee,Paul Mantee,1994,Horror,,,,
Mary_Shelley%27s_Frankenstein_(film),Mary Shelley's Frankenstein (film),1994,Horror,Kenneth Branagh,123,,
Kenneth_Branagh,Kenneth Branagh,1994,Horror,,,,
Tom_Hulce,Tom Hulce,1994,Horror,,,,
John_Cleese,John Cleese,1994,Horror,,,,
Jimmy_Lifton,Jimmy Lifton,1994,Horror,,,,
Tracy_Wells,Tracy Wells,1994,Horror,,,,
Sally_Kellerman,Sally Kellerman,1994,Horror,,,,
Don_Escudero,Don Escudero,1994,Horror,,,,
Zoren_Legaspi,Zoren Legaspi,1994,Horror,,,,
Herbert_Bautista,Herbert Bautista,1994,Horror,,,,
Jaclyn_Jose,Jaclyn Jose,1994,Horror,,,,
Aiko_Melendez,Aiko Melendez,1994,Horror,,,,
Nadja_(film),Nadja (film),1994,Horror,Michael Almereyda,93,,
Michael_Almereyda,Michael Almereyda,1994,Horror,,,,
Elina_L%C3%B6wensohn,Elina Löwensohn,1994,Horror,,,,
Night_of_the_Demons_2,Night of the Demons 2,1994,Horror,Brian Trenchard-Smith,95,,
Brian_Trenchard-Smith,Brian Trenchard-Smith,1994,Horror,,,,
Ian_Veneracion,Ian Veneracion,1994,Horror,,,,
Cristina_Gonzales,Cristina Gonzales,1994,Horror,,,,
Andy_Poe,Andy Poe,1994,Horror,,,,
Don_Coscarelli,Don Coscarelli,1994,Horror,,,,
Reggie_Bannister,Reggie Bannister,1994,Horror,,,,
A._Michael_Baldwin,A. Michael Baldwin,1994,Horror,,,,
Angus_Scrimm,Angus Scrimm,1994,Horror,,,,
Andrew_Robinson_(actor),Andrew Robinson (actor),1994,Horror,,,,
Ian_Ogilvy,Ian Ogilvy,1994,Horror,,,,
Red_to_Kill,Red to Kill,1994,Horror,Billy Tang Hin-Shing,91,,
Billy_Tang,Billy Tang,1994,Horror,,,,
Return_of_the_Boogeyman,Return of the Boogeyman,1994,Horror,Deland Nurse,76,,
Ulli_Lommel,Ulli Lommel,1994,Horror,,,,
Suzanna_Love,Suzanna Love,1994,Horror,,,,
"Shake,_Rattle_%26_Roll_V","Shake, Rattle & Roll V",1994,Horror,"Don Escudero (segment ""Episode I: Maligno"" ) Jose Javier Reyes (segment ""Episode II: Anino"" ) Manny Castañeda (segment ""Episode III: Impakto"" )",104,,
Sheryl_Cruz,Sheryl Cruz,1994,Horror,,,,
Ruffa_Gutierrez,Ruffa Gutierrez,1994,Horror,,,,
Monsour_Del_Rosario,Monsour del Rosario,1994,Horror,,,,
Shrunken_Heads_(film),Shrunken Heads (film),1994,Horror,Richard Elfman,86,,
Richard_Elfman,Richard Elfman,1994,Horror,,,,
Bodhi_Elfman,Bodhi Elfman,1994,Horror,,,,
Clark_Brandon,Clark Brandon,1994,Horror,,,,
Charles_Napier_(actor),Charles Napier (actor),1994,Horror,,,,
Michael_J._Pollard,Michael J. Pollard,1994,Horror,,,,
Sorceress_(1995_film),Sorceress (1995 film),1994,Horror,Jim Wynorski,89,,
Edward_Albert,Edward Albert,1994,Horror,,,,
Julie_Strain,Julie Strain,1994,Horror,,,,
The_Stand_(1994_miniseries),The Stand (1994 miniseries),1994,Horror,Mick Garris,366,,
Gary_Sinise,Gary Sinise,1994,Horror,,,,
Miguel_Ferrer,Miguel Ferrer,1994,Horror,,,,
Jamey_Sheridan,Jamey Sheridan,1994,Horror,,,,
Vampira_(1994_film),Vampira (1994 film),1994,Horror,Joey Romero,115,,
Maricel_Soriano,Maricel Soriano,1994,Horror,,,,
Christopher_De_Leon,Christopher de Leon,1994,Horror,,,,
Jayvee_Gayoso,Jayvee Gayoso,1994,Horror,,,,
Nida_Blanca,Nida Blanca,1994,Horror,,,,
Watchers_3,Watchers 3,1994,Horror,Jeremy Stanford,84,,
Wes_Craven%27s_New_Nightmare,Wes Craven's New Nightmare,1994,Horror,Wes Craven,112,,
Heather_Langenkamp,Heather Langenkamp,1994,Horror,,,,
Miko_Hughes,Miko Hughes,1994,Horror,,,,
Julie_Davis,Julie Davis,1994,Horror,,,,
Wolf_(1994_film),Wolf (1994 film),1994,Horror,Mike Nichols,125,,
Mike_Nichols,Mike Nichols,1994,Horror,,,,
Jack_Nicholson,Jack Nicholson,1994,Horror,,,,
Michelle_Pfeiffer,Michelle Pfeiffer,1994,Horror,,,,
James_Spader,James Spader,1994,Horror,,,,
Ennio_Morricone,Ennio Morricone,1994,Horror,,,,
Wayne_State_University_Press,Wayne State University Press,1994,Horror,,,,
The_Addiction,The Addiction,1995,Horror,Abel Ferrara,82,,
Abel_Ferrara,Abel Ferrara,1995,Horror,,,,
Lili_Taylor,Lili Taylor,1995,Horror,,,,
Christopher_Walken,Christopher Walken,1995,Horror,,,,
Annabella_Sciorra,Annabella Sciorra,1995,Horror,,,,
Ang_Syota_Kong_Balikbayan,Ang Syota Kong Balikbayan,1995,Horror,Pablo P. Santiago,118,,
Fernando_Poe_Jr.,Fernando Poe Jr.,1995,Horror,,,,
Anjanette_Abayari,Anjanette Abayari,1995,Horror,,,,
Maritoni_Fernandez,Maritoni Fernandez,1995,Horror,,,,
Paquito_Diaz,Paquito Diaz,1995,Horror,,,,
Blood_and_Donuts,Blood and Donuts,1995,Horror,Holly Dale,89,,
Holly_Dale,Holly Dale,1995,Horror,,,,
Justin_Louis,Louis Ferreira,1995,Horror,,,,
Bill_Condon,Bill Condon,1995,Horror,,,,
Kelly_Rowan,Kelly Rowan,1995,Horror,,,,
Timothy_Carhart,Timothy Carhart,1995,Horror,,,,
Carnosaur_2,Carnosaur 2,1995,Horror,Louis Morneau,83,,
John_Savage_(actor),John Savage (actor),1995,Horror,,,,
Castle_Freak,Castle Freak,1995,Horror,Stuart Gordon,95,,
Barbara_Crampton,Barbara Crampton,1995,Horror,,,,
Copycat_(1995_film),Copycat (1995 film),1995,Horror,Jon Amiel,123,,
The_Day_of_the_Beast,The Day of the Beast,1995,Horror,Álex de la Iglesia,103,,
%C3%81lex_de_la_Iglesia,Álex de la Iglesia,1995,Horror,,,,
Demon_Knight,Demon Knight,1995,Horror,Ernest Dickerson,92,,
Ernest_R._Dickerson,Ernest Dickerson,1995,Horror,,,,
Billy_Zane,Billy Zane,1995,Horror,,,,
William_Sadler_(actor),William Sadler (actor),1995,Horror,,,,
Jada_Pinkett_Smith,Jada Pinkett Smith,1995,Horror,,,,
E.C._Comics,EC Comics,1995,Horror,,,,
Shimako_Sato,Shimako Satō,1995,Horror,,,,
Miho_Kanno,Miho Kanno,1995,Horror,,,,
Ry%C3%B4ka_Yuzuki,Ryoka Yuzuki,1995,Horror,,,,
Embrace_of_the_Vampire,Embrace of the Vampire,1995,Horror,Anne Goursaud,92,,
Alyssa_Milano,Alyssa Milano,1995,Horror,,,,
Martin_Kemp_(entertainer),Martin Kemp,1995,Horror,,,,
Jennifer_Tilly,Jennifer Tilly,1995,Horror,,,,
The_Fear_(1995_film),The Fear (1995 film),1995,Horror,Vincent Robert,98,,
Freakshow_(film),Freakshow (film),1995,Horror,Drew Bell,90,,
Ron_Asheton,Ron Asheton,1995,Horror,,,,
Gakk%C5%8D_no_Kaidan_(film),School Ghost Stories,1995,Horror,Hideyuki Hirayama,100,,
Hideyuki_Hirayama,Hideyuki Hirayama,1995,Horror,,,,
Toho,Toho,1995,Horror,,,,
Joe_Chappelle,Joe Chappelle,1995,Horror,,,,
Mitchell_Ryan,Mitchell Ryan,1995,Horror,,,,
Marianne_Hagan,Marianne Hagan,1995,Horror,,,,
Haunted_(1995_film),Haunted (1995 film),1995,Horror,Lewis Gilbert,108,,
Lewis_Gilbert,Lewis Gilbert,1995,Horror,,,,
Aidan_Quinn,Aidan Quinn,1995,Horror,,,,
Kate_Beckinsale,Kate Beckinsale,1995,Horror,,,,
Anthony_Andrews,Anthony Andrews,1995,Horror,,,,
The_Haunting_of_Helen_Walker,The Haunting of Helen Walker,1995,Horror,Tom McLoughlin,88,,
Valerie_Bertinelli,Valerie Bertinelli,1995,Horror,,,,
Diana_Rigg,Diana Rigg,1995,Horror,,,,
Ice_Cream_Man_(film),Ice Cream Man (1995 film),1995,Horror,Norman Apstein,86,,
Jack-O,Jack-O,1995,Horror,Steve Latshaw,88,,
Leprechaun_3,Leprechaun 3,1995,Horror,Brian Trenchard-Smith,90,,
Marcelo_Tubert,Marcelo Tubert,1995,Horror,,,,
Leigh_Allyn_Baker,Leigh-Allyn Baker,1995,Horror,,,,
Lord_of_Illusions,Lord of Illusions,1995,Horror,Clive Barker,109,,
Scott_Bakula,Scott Bakula,1995,Horror,,,,
Kevin_J._O%27Connor_(actor),Kevin J. O'Connor (actor),1995,Horror,,,,
Famke_Janssen,Famke Janssen,1995,Horror,,,,
The_Mangler_(film),The Mangler (film),1995,Horror,Tobe Hooper,106,,
Larry_Taylor_(actor),Larry Taylor (actor),1995,Horror,,,,
Mosquito_(film),Mosquito (film),1995,Horror,Gary Jones,93,,
Gunnar_Hansen,Gunnar Hansen,1995,Horror,,,,
Ted_Prior_(actor),Ted Prior (actor),1995,Horror,,,,
Night_of_the_Scarecrow,Night of the Scarecrow,1995,Horror,Jeff Burr,85,,
John_Hawkes_(actor),John Hawkes (actor),1995,Horror,,,,
Gary_Lockwood,Gary Lockwood,1995,Horror,,,,
Patayin_sa_Sindak_si_Barbara_(1995_film),Patayin sa Sindak si Barbara (1995 film),1995,Horror,Chito S. Roño,93,,
Chito_S._Ro%C3%B1o,Chito S. Roño,1995,Horror,,,,
Lorna_Tolentino,Lorna Tolentino,1995,Horror,,,,
Dawn_Zulueta,Dawn Zulueta,1995,Horror,,,,
Tonton_Gutierrez,Tonton Gutierrez,1995,Horror,,,,
Antoinette_Taus,Antoinette Taus,1995,Horror,,,,
Piranha_(1995_film),Piranha (1995 film),1995,Horror,Scott P. Levy,89,,
Alexandra_Paul,Alexandra Paul,1995,Horror,,,,
The_Prophecy,The Prophecy,1995,Horror,Gregory Widen,97,,
Gregory_Widen,Gregory Widen,1995,Horror,,,,
Elias_Koteas,Elias Koteas,1995,Horror,,,,
Eric_Stoltz,Eric Stoltz,1995,Horror,,,,
Edu_Manzano,Edu Manzano,1995,Horror,,,,
Serpent%27s_Lair,Serpent's Lair,1995,Horror,Jeffrey Reiner [ 1 ],90,,
Jeffrey_Reiner,Jeffrey Reiner,1995,Horror,,,,
Anthony_Palermo,Tony Palermo,1995,Horror,,,,
Species_(film),Species (film),1995,Horror,Roger Donaldson,108,,
Roger_Donaldson,Roger Donaldson,1995,Horror,,,,
Natasha_Henstridge,Natasha Henstridge,1995,Horror,,,,
Ben_Kingsley,Ben Kingsley,1995,Horror,,,,
Michael_Madsen,Michael Madsen,1995,Horror,,,,
Tales_from_the_Hood,Tales from the Hood,1995,Horror,Rusty Cundieff,98,,
Rusty_Cundieff,Rusty Cundieff,1995,Horror,,,,
Clarence_Williams_III,Clarence Williams III,1995,Horror,,,,
Joe_Torry,Joe Torry,1995,Horror,,,,
Kim_Henkel,Kim Henkel,1995,Horror,,,,
Ren%C3%A9e_Zellweger,Renée Zellweger,1995,Horror,,,,
Matthew_McConaughey,Matthew McConaughey,1995,Horror,,,,
Tokyo_Fist,Tokyo Fist,1995,Horror,Shinya Tsukamoto,87,,
Vampire_in_Brooklyn,Vampire in Brooklyn,1995,Horror,Wes Craven,102,,
Eddie_Murphy,Eddie Murphy,1995,Horror,,,,
Angela_Bassett,Angela Bassett,1995,Horror,,,,
Allen_Payne,Allen Payne,1995,Horror,,,,
Village_of_the_Damned_(1995_film),Village of the Damned (1995 film),1995,Horror,John Carpenter,98,,
Christopher_Reeve,Christopher Reeve,1995,Horror,,,,
Kirstie_Alley,Kirstie Alley,1995,Horror,,,,
Linda_Kozlowski,Linda Kozlowski,1995,Horror,,,,
Markie_Post,Markie Post,1995,Horror,,,,
Pam_Hyatt,Pam Hyatt,1995,Horror,,,,
Melyssa_Ade,Melyssa Ade,1995,Horror,,,,
The_Wasp_Woman_(1995_film),The Wasp Woman (1995 film),1995,Horror,Jim Wynorski,87,,
Jennifer_Rubin_(actress),Jennifer Rubin (actress),1995,Horror,,,,
Elizabeth_Lambert,Elizabeth Lambert,1995,Horror,,,,
Andrew_Divoff,Andrew Divoff,1995,Horror,,,,
Robert_Culp,Robert Culp,1995,Horror,,,,
Aatank,Aatank,1996,Horror,Prem Lalwani Desh Mukherjee,113,,
Dharmendra,Dharmendra,1996,Horror,,,,
Vinod_Mehra,Vinod Mehra,1996,Horror,,,,
Hema_Malini,Hema Malini,1996,Horror,,,,
Amjad_Khan_(actor),Amjad Khan (actor),1996,Horror,,,,
Amityville_Dollhouse,Amityville Dollhouse,1996,Horror,Steve White,92,,
Robin_Thomas,Robin Thomas,1996,Horror,,,,
Starr_Andreeff,Starr Andreeff,1996,Horror,,,,
Angelu_De_Leon,Angelu de Leon,1996,Horror,,,,
Rica_Peralejo,Rica Peralejo,1996,Horror,,,,
Bobby_Andrews,Bobby Andrews,1996,Horror,,,,
Red_Sternberg,Red Sternberg,1996,Horror,,,,
Raven_Villanueva,Raven Villanueva,1996,Horror,,,,
Onemig_Bondoc,Onemig Bondoc,1996,Horror,,,,
Bad_Moon,Bad Moon,1996,Horror,Eric Red,79,,
Mariel_Hemingway,Mariel Hemingway,1996,Horror,,,,
Michael_Par%C3%A9,Michael Paré,1996,Horror,,,,
Mason_Gamble,Mason Gamble,1996,Horror,,,,
Philip_Ko,Phillip Ko,1996,Horror,,,,
Janet_Gunn,Janet Gunn,1996,Horror,,,,
Naomi_Watts,Naomi Watts,1996,Horror,,,,
William_Windom_(actor),William Windom (actor),1996,Horror,,,,
The_Craft_(film),The Craft (film),1996,Horror,Andrew Fleming,101,,
Andrew_Fleming,Andrew Fleming,1996,Horror,,,,
Fairuza_Balk,Fairuza Balk,1996,Horror,,,,
Neve_Campbell,Neve Campbell,1996,Horror,,,,
Rachel_True,Rachel True,1996,Horror,,,,
Kristoffer_Tabori,Kristoffer Tabori,1996,Horror,,,,
Robert_Knepper,Robert Knepper,1996,Horror,,,,
The_Dentist,The Dentist,1996,Horror,Brian Yuzna,92,,
Molly_Hagan,Molly Hagan,1996,Horror,,,,
Don%27t_Look_Up_(1996_film),Don't Look Up (1996 film),1996,Horror,Hideo Nakata,73,,
Hideo_Nakata,Hideo Nakata,1996,Horror,,,,
Ebola_Syndrome,Ebola Syndrome,1996,Horror,Herman Yau,98,,
Anthony_Wong_Chau-Sang,Anthony Wong,1996,Horror,,,,
Fui-On_Shing,Shing Fui-On,1996,Horror,,,,
